experiment_name,model_type,channel_set_name,channel_names,n_channels,n_temporal_features,fold,runtime_seconds,best_epoch,best_val_loss,epochs_trained,accuracy,balanced_accuracy,roc_auc,precision_sick,recall_sick,sensitivity_sick,specificity_healthy,f1_sick,tn,fp,fn,tp
temporal_2ch_mean_std_flat_logistic,flat_logistic,temporal_2ch_mean_std,frame_mean|frame_std,2,40,1,0.017964839935302734,,,,0.8,0.7951388888888888,0.8350694444444444,0.7,0.7777777777777778,0.7777777777777778,0.8125,0.7368421052631579,26,6,4,14
temporal_2ch_mean_std_flat_logistic,flat_logistic,temporal_2ch_mean_std,frame_mean|frame_std,2,40,2,0.01148533821105957,,,,0.7,0.6805555555555556,0.7430555555555556,0.5789473684210527,0.6111111111111112,0.6111111111111112,0.75,0.5945945945945946,24,8,7,11
temporal_2ch_mean_std_flat_logistic,flat_logistic,temporal_2ch_mean_std,frame_mean|frame_std,2,40,3,0.011310815811157227,,,,0.8,0.7708333333333333,0.8645833333333333,0.75,0.6666666666666666,0.6666666666666666,0.875,0.7058823529411765,28,4,6,12
temporal_2ch_mean_std_flat_logistic,flat_logistic,temporal_2ch_mean_std,frame_mean|frame_std,2,40,4,0.011221647262573242,,,,0.7142857142857143,0.7159498207885304,0.8046594982078853,0.5909090909090909,0.7222222222222222,0.7222222222222222,0.7096774193548387,0.65,22,9,5,13
temporal_2ch_mean_std_flat_logistic,flat_logistic,temporal_2ch_mean_std,frame_mean|frame_std,2,40,5,0.011260509490966797,,,,0.7551020408163265,0.7598566308243728,0.7724014336917563,0.6363636363636364,0.7777777777777778,0.7777777777777778,0.7419354838709677,0.7,23,8,4,14
temporal_2ch_mean_std_temporal_cnn,temporal_cnn,temporal_2ch_mean_std,frame_mean|frame_std,2,40,1,8.657432079315186,102.0,0.6110468506813049,127.0,0.76,0.7760416666666667,0.8159722222222221,0.625,0.8333333333333334,0.8333333333333334,0.71875,0.7142857142857143,23,9,3,15
temporal_2ch_mean_std_temporal_cnn,temporal_cnn,temporal_2ch_mean_std,frame_mean|frame_std,2,40,2,1.5842890739440918,53.0,0.6707755923271179,78.0,0.74,0.7482638888888888,0.7899305555555556,0.6086956521739131,0.7777777777777778,0.7777777777777778,0.71875,0.6829268292682927,23,9,4,14
temporal_2ch_mean_std_temporal_cnn,temporal_cnn,temporal_2ch_mean_std,frame_mean|frame_std,2,40,3,2.9552061557769775,103.0,0.6803888082504272,128.0,0.64,0.6336805555555556,0.717013888888889,0.5,0.6111111111111112,0.6111111111111112,0.65625,0.55,21,11,7,11
temporal_2ch_mean_std_temporal_cnn,temporal_cnn,temporal_2ch_mean_std,frame_mean|frame_std,2,40,4,0.7512812614440918,5.0,0.8695441484451294,30.0,0.5714285714285714,0.6030465949820789,0.6362007168458782,0.4482758620689655,0.7222222222222222,0.7222222222222222,0.4838709677419355,0.5531914893617021,15,16,5,13
temporal_2ch_mean_std_temporal_cnn,temporal_cnn,temporal_2ch_mean_std,frame_mean|frame_std,2,40,5,3.9486992359161377,123.0,0.46786031126976013,148.0,0.7346938775510204,0.7320788530465949,0.7759856630824373,0.6190476190476191,0.7222222222222222,0.7222222222222222,0.7419354838709677,0.6666666666666666,23,8,5,13
temporal_3ch_mean_std_mean_delta_flat_logistic,flat_logistic,temporal_3ch_mean_std_mean_delta,frame_mean|frame_std|mean_delta,3,60,1,0.013849258422851562,,,,0.7,0.7048611111111112,0.7586805555555556,0.5652173913043478,0.7222222222222222,0.7222222222222222,0.6875,0.6341463414634146,22,10,5,13
temporal_3ch_mean_std_mean_delta_flat_logistic,flat_logistic,temporal_3ch_mean_std_mean_delta,frame_mean|frame_std|mean_delta,3,60,2,0.01253962516784668,,,,0.72,0.6961805555555556,0.7482638888888888,0.6111111111111112,0.6111111111111112,0.6111111111111112,0.78125,0.6111111111111112,25,7,7,11
temporal_3ch_mean_std_mean_delta_flat_logistic,flat_logistic,temporal_3ch_mean_std_mean_delta,frame_mean|frame_std|mean_delta,3,60,3,0.012595653533935547,,,,0.8,0.7586805555555556,0.8298611111111109,0.7857142857142857,0.6111111111111112,0.6111111111111112,0.90625,0.6875,29,3,7,11
temporal_3ch_mean_std_mean_delta_flat_logistic,flat_logistic,temporal_3ch_mean_std_mean_delta,frame_mean|frame_std|mean_delta,3,60,4,0.013015508651733398,,,,0.7142857142857143,0.7043010752688172,0.7580645161290323,0.6,0.6666666666666666,0.6666666666666666,0.7419354838709677,0.631578947368421,23,8,6,12
temporal_3ch_mean_std_mean_delta_flat_logistic,flat_logistic,temporal_3ch_mean_std_mean_delta,frame_mean|frame_std|mean_delta,3,60,5,0.01278543472290039,,,,0.6938775510204082,0.6998207885304659,0.7258064516129032,0.5652173913043478,0.7222222222222222,0.7222222222222222,0.6774193548387096,0.6341463414634146,21,10,5,13
temporal_3ch_mean_std_mean_delta_temporal_cnn,temporal_cnn,temporal_3ch_mean_std_mean_delta,frame_mean|frame_std|mean_delta,3,60,1,2.066798448562622,78.0,0.784017026424408,103.0,0.7,0.7048611111111112,0.7447916666666667,0.5652173913043478,0.7222222222222222,0.7222222222222222,0.6875,0.6341463414634146,22,10,5,13
temporal_3ch_mean_std_mean_delta_temporal_cnn,temporal_cnn,temporal_3ch_mean_std_mean_delta,frame_mean|frame_std|mean_delta,3,60,2,0.9685583114624023,25.0,0.7541380524635315,50.0,0.56,0.5225694444444444,0.5486111111111112,0.3888888888888889,0.3888888888888889,0.3888888888888889,0.65625,0.3888888888888889,21,11,11,7
temporal_3ch_mean_std_mean_delta_temporal_cnn,temporal_cnn,temporal_3ch_mean_std_mean_delta,frame_mean|frame_std|mean_delta,3,60,3,4.3474650382995605,176.0,0.4425833225250244,201.0,0.68,0.6649305555555556,0.7743055555555555,0.55,0.6111111111111112,0.6111111111111112,0.71875,0.5789473684210527,23,9,7,11
temporal_3ch_mean_std_mean_delta_temporal_cnn,temporal_cnn,temporal_3ch_mean_std_mean_delta,frame_mean|frame_std|mean_delta,3,60,4,0.8391826152801514,16.0,0.8549482226371765,41.0,0.7142857142857143,0.7043010752688172,0.7329749103942652,0.6,0.6666666666666666,0.6666666666666666,0.7419354838709677,0.631578947368421,23,8,6,12
temporal_3ch_mean_std_mean_delta_temporal_cnn,temporal_cnn,temporal_3ch_mean_std_mean_delta,frame_mean|frame_std|mean_delta,3,60,5,3.5982537269592285,109.0,0.5985633134841919,134.0,0.5714285714285714,0.521505376344086,0.6433691756272402,0.4,0.3333333333333333,0.3333333333333333,0.7096774193548387,0.36363636363636365,22,9,12,6
temporal_4ch_mean_std_mean_delta_std_delta_flat_logistic,flat_logistic,temporal_4ch_mean_std_mean_delta_std_delta,frame_mean|frame_std|mean_delta|std_delta,4,80,1,0.013252973556518555,,,,0.72,0.7083333333333333,0.7777777777777777,0.6,0.6666666666666666,0.6666666666666666,0.75,0.631578947368421,24,8,6,12
temporal_4ch_mean_std_mean_delta_std_delta_flat_logistic,flat_logistic,temporal_4ch_mean_std_mean_delta_std_delta,frame_mean|frame_std|mean_delta|std_delta,4,80,2,0.012699604034423828,,,,0.74,0.7239583333333333,0.8246527777777778,0.631578947368421,0.6666666666666666,0.6666666666666666,0.78125,0.6486486486486487,25,7,6,12
temporal_4ch_mean_std_mean_delta_std_delta_flat_logistic,flat_logistic,temporal_4ch_mean_std_mean_delta_std_delta,frame_mean|frame_std|mean_delta|std_delta,4,80,3,0.012783527374267578,,,,0.74,0.6996527777777778,0.748263888888889,0.6666666666666666,0.5555555555555556,0.5555555555555556,0.84375,0.6060606060606061,27,5,8,10
temporal_4ch_mean_std_mean_delta_std_delta_flat_logistic,flat_logistic,temporal_4ch_mean_std_mean_delta_std_delta,frame_mean|frame_std|mean_delta|std_delta,4,80,4,0.01304936408996582,,,,0.6938775510204082,0.6881720430107527,0.7222222222222223,0.5714285714285714,0.6666666666666666,0.6666666666666666,0.7096774193548387,0.6153846153846154,22,9,6,12
temporal_4ch_mean_std_mean_delta_std_delta_flat_logistic,flat_logistic,temporal_4ch_mean_std_mean_delta_std_delta,frame_mean|frame_std|mean_delta|std_delta,4,80,5,0.013267993927001953,,,,0.6938775510204082,0.6998207885304659,0.7132616487455198,0.5652173913043478,0.7222222222222222,0.7222222222222222,0.6774193548387096,0.6341463414634146,21,10,5,13
temporal_4ch_mean_std_mean_delta_std_delta_temporal_cnn,temporal_cnn,temporal_4ch_mean_std_mean_delta_std_delta,frame_mean|frame_std|mean_delta|std_delta,4,80,1,1.3183164596557617,35.0,0.611579418182373,60.0,0.8,0.7708333333333333,0.8645833333333333,0.75,0.6666666666666666,0.6666666666666666,0.875,0.7058823529411765,28,4,6,12
temporal_4ch_mean_std_mean_delta_std_delta_temporal_cnn,temporal_cnn,temporal_4ch_mean_std_mean_delta_std_delta,frame_mean|frame_std|mean_delta|std_delta,4,80,2,0.7904877662658691,16.0,0.7168309092521667,41.0,0.76,0.7638888888888888,0.8315972222222222,0.6363636363636364,0.7777777777777778,0.7777777777777778,0.75,0.7,24,8,4,14
temporal_4ch_mean_std_mean_delta_std_delta_temporal_cnn,temporal_cnn,temporal_4ch_mean_std_mean_delta_std_delta,frame_mean|frame_std|mean_delta|std_delta,4,80,3,2.6692092418670654,111.0,0.31129223108291626,136.0,0.74,0.6753472222222222,0.890625,0.7272727272727273,0.4444444444444444,0.4444444444444444,0.90625,0.5517241379310345,29,3,10,8
temporal_4ch_mean_std_mean_delta_std_delta_temporal_cnn,temporal_cnn,temporal_4ch_mean_std_mean_delta_std_delta,frame_mean|frame_std|mean_delta|std_delta,4,80,4,1.4054598808288574,43.0,0.7060627937316895,68.0,0.7142857142857143,0.7159498207885304,0.8189964157706092,0.5909090909090909,0.7222222222222222,0.7222222222222222,0.7096774193548387,0.65,22,9,5,13
temporal_4ch_mean_std_mean_delta_std_delta_temporal_cnn,temporal_cnn,temporal_4ch_mean_std_mean_delta_std_delta,frame_mean|frame_std|mean_delta|std_delta,4,80,5,2.734257459640503,116.0,0.3564035892486572,141.0,0.7346938775510204,0.7204301075268817,0.8028673835125448,0.631578947368421,0.6666666666666666,0.6666666666666666,0.7741935483870968,0.6486486486486487,24,7,6,12
temporal_5ch_mean_std_deltas_cumulative_flat_logistic,flat_logistic,temporal_5ch_mean_std_deltas_cumulative,frame_mean|frame_std|mean_delta|std_delta|cumulative_recovery,5,100,1,0.021242856979370117,,,,0.74,0.7239583333333333,0.7760416666666667,0.631578947368421,0.6666666666666666,0.6666666666666666,0.78125,0.6486486486486487,25,7,6,12
temporal_5ch_mean_std_deltas_cumulative_flat_logistic,flat_logistic,temporal_5ch_mean_std_deltas_cumulative,frame_mean|frame_std|mean_delta|std_delta|cumulative_recovery,5,100,2,0.02261638641357422,,,,0.74,0.7239583333333333,0.8246527777777778,0.631578947368421,0.6666666666666666,0.6666666666666666,0.78125,0.6486486486486487,25,7,6,12
temporal_5ch_mean_std_deltas_cumulative_flat_logistic,flat_logistic,temporal_5ch_mean_std_deltas_cumulative,frame_mean|frame_std|mean_delta|std_delta|cumulative_recovery,5,100,3,0.02470684051513672,,,,0.74,0.6996527777777778,0.7465277777777778,0.6666666666666666,0.5555555555555556,0.5555555555555556,0.84375,0.6060606060606061,27,5,8,10
temporal_5ch_mean_std_deltas_cumulative_flat_logistic,flat_logistic,temporal_5ch_mean_std_deltas_cumulative,frame_mean|frame_std|mean_delta|std_delta|cumulative_recovery,5,100,4,0.021874666213989258,,,,0.6938775510204082,0.6881720430107527,0.7240143369175627,0.5714285714285714,0.6666666666666666,0.6666666666666666,0.7096774193548387,0.6153846153846154,22,9,6,12
temporal_5ch_mean_std_deltas_cumulative_flat_logistic,flat_logistic,temporal_5ch_mean_std_deltas_cumulative,frame_mean|frame_std|mean_delta|std_delta|cumulative_recovery,5,100,5,0.024504661560058594,,,,0.673469387755102,0.6836917562724014,0.7150537634408602,0.5416666666666666,0.7222222222222222,0.7222222222222222,0.6451612903225806,0.6190476190476191,20,11,5,13
temporal_5ch_mean_std_deltas_cumulative_temporal_cnn,temporal_cnn,temporal_5ch_mean_std_deltas_cumulative,frame_mean|frame_std|mean_delta|std_delta|cumulative_recovery,5,100,1,1.568659782409668,29.0,0.6085020303726196,54.0,0.76,0.7395833333333333,0.8628472222222221,0.6666666666666666,0.6666666666666666,0.6666666666666666,0.8125,0.6666666666666666,26,6,6,12
temporal_5ch_mean_std_deltas_cumulative_temporal_cnn,temporal_cnn,temporal_5ch_mean_std_deltas_cumulative,frame_mean|frame_std|mean_delta|std_delta|cumulative_recovery,5,100,2,1.2069008350372314,24.0,0.6845549941062927,49.0,0.7,0.6684027777777778,0.6788194444444445,0.5882352941176471,0.5555555555555556,0.5555555555555556,0.78125,0.5714285714285714,25,7,8,10
temporal_5ch_mean_std_deltas_cumulative_temporal_cnn,temporal_cnn,temporal_5ch_mean_std_deltas_cumulative,frame_mean|frame_std|mean_delta|std_delta|cumulative_recovery,5,100,3,2.003878116607666,75.0,0.38644540309906006,100.0,0.76,0.7152777777777778,0.8315972222222222,0.7142857142857143,0.5555555555555556,0.5555555555555556,0.875,0.625,28,4,8,10
temporal_5ch_mean_std_deltas_cumulative_temporal_cnn,temporal_cnn,temporal_5ch_mean_std_deltas_cumulative,frame_mean|frame_std|mean_delta|std_delta|cumulative_recovery,5,100,4,1.082519292831421,32.0,0.6850925087928772,57.0,0.8163265306122449,0.796594982078853,0.8279569892473119,0.7647058823529411,0.7222222222222222,0.7222222222222222,0.8709677419354839,0.7428571428571429,27,4,5,13
temporal_5ch_mean_std_deltas_cumulative_temporal_cnn,temporal_cnn,temporal_5ch_mean_std_deltas_cumulative,frame_mean|frame_std|mean_delta|std_delta|cumulative_recovery,5,100,5,2.3301749229431152,107.0,0.32512712478637695,132.0,0.7551020408163265,0.7598566308243728,0.8673835125448028,0.6363636363636364,0.7777777777777778,0.7777777777777778,0.7419354838709677,0.7,23,8,4,14
